ImageNumber,Metadata_Plate,Metadata_Well,Metadata_Site,ObjectNumber,Parent_Nuclei,CropID,CenterY,CenterX,MinY,MaxY,MinX,MaxX,PadTop,PadBottom,PadLeft,PadRight,Height,Width,CropWindowClippedCell,BackgroundMasked,ImageStackPath,CellMaskPath,NucleiMaskPath

1,BR00000001,A01,1,1,1,BR00000001_A01_s1_cell0001,18.70776566757493,17.709128065395095,3,35,2,34,0,0,0,0,32,32,True,False,D:\项目\cpc github v1 demo\demo\workspace\outputs\advanced_skills\export_unmasked_crops\unmasked\image_stacks\BR00000001_A01_s1_cell0001.tiff,D:\项目\cpc github v1 demo\demo\workspace\outputs\advanced_skills\export_unmasked_crops\unmasked\cell_masks\BR00000001_A01_s1_cell0001.tiff,D:\项目\cpc github v1 demo\demo\workspace\outputs\advanced_skills\export_unmasked_crops\unmasked\nuclei_masks\BR00000001_A01_s1_cell0001.tiff

1,BR00000001,A01,1,2,2,BR00000001_A01_s1_cell0002,38.63224085365854,39.25647865853659,23,55,23,55,0,0,0,0,32,32,True,False,D:\项目\cpc github v1 demo\demo\workspace\outputs\advanced_skills\export_unmasked_crops\unmasked\image_stacks\BR00000001_A01_s1_cell0002.tiff,D:\项目\cpc github v1 demo\demo\workspace\outputs\advanced_skills\export_unmasked_crops\unmasked\cell_masks\BR00000001_A01_s1_cell0002.tiff,D:\项目\cpc github v1 demo\demo\workspace\outputs\advanced_skills\export_unmasked_crops\unmasked\nuclei_masks\BR00000001_A01_s1_cell0002.tiff

2,BR00000001,A02,1,1,1,BR00000001_A02_s1_cell0001,18.325835475578405,18.81426735218509,2,34,3,35,0,0,0,0,32,32,True,False,D:\项目\cpc github v1 demo\demo\workspace\outputs\advanced_skills\export_unmasked_crops\unmasked\image_stacks\BR00000001_A02_s1_cell0001.tiff,D:\项目\cpc github v1 demo\demo\workspace\outputs\advanced_skills\export_unmasked_crops\unmasked\cell_masks\BR00000001_A02_s1_cell0001.tiff,D:\项目\cpc github v1 demo\demo\workspace\outputs\advanced_skills\export_unmasked_crops\unmasked\nuclei_masks\BR00000001_A02_s1_cell0001.tiff

2,BR00000001,A02,1,2,2,BR00000001_A02_s1_cell0002,39.53670086819258,39.34846093133386,24,56,23,55,0,0,0,0,32,32,True,False,D:\项目\cpc github v1 demo\demo\workspace\outputs\advanced_skills\export_unmasked_crops\unmasked\image_stacks\BR00000001_A02_s1_cell0002.tiff,D:\项目\cpc github v1 demo\demo\workspace\outputs\advanced_skills\export_unmasked_crops\unmasked\cell_masks\BR00000001_A02_s1_cell0002.tiff,D:\项目\cpc github v1 demo\demo\workspace\outputs\advanced_skills\export_unmasked_crops\unmasked\nuclei_masks\BR00000001_A02_s1_cell0002.tiff

