feature_name,variance
Cells_DeepProfiler_0111,0.4653641879558563
Cells_DeepProfiler_0307,0.3936108946800232
Cells_DeepProfiler_0333,0.3393712043762207
Cells_DeepProfiler_0287,0.28614485263824463
Cells_DeepProfiler_0497,0.26782500743865967
Cells_DeepProfiler_0565,0.1900789886713028
Cells_DeepProfiler_0119,0.18881921470165253
Cells_DeepProfiler_0208,0.15541402995586395
Cells_DeepProfiler_0505,0.15037594735622406
Cells_DeepProfiler_0259,0.14821383357048035
Cells_DeepProfiler_0533,0.13008660078048706
Cells_DeepProfiler_0280,0.11989642679691315
Cells_DeepProfiler_0044,0.1164109855890274
Cells_DeepProfiler_0321,0.10925716161727905
Cells_DeepProfiler_0631,0.1031765565276146
Cells_DeepProfiler_0310,0.09076903015375137
Cells_DeepProfiler_0220,0.08970947563648224
Cells_DeepProfiler_0361,0.0863134041428566
Cells_DeepProfiler_0071,0.08149372786283493
Cells_DeepProfiler_0651,0.07883599400520325
Cells_DeepProfiler_0568,0.07716665416955948
Cells_DeepProfiler_0670,0.07496002316474915
Cells_DeepProfiler_0064,0.07426945120096207
Cells_DeepProfiler_0204,0.06589727848768234
Cells_DeepProfiler_0268,0.06122259795665741
Cells_DeepProfiler_0026,0.06060546264052391
Cells_DeepProfiler_0217,0.06005142256617546
Cells_DeepProfiler_0201,0.0572252981364727
Cells_DeepProfiler_0633,0.05702785402536392
Cells_DeepProfiler_0331,0.052985839545726776
Cells_DeepProfiler_0482,0.049414895474910736
Cells_DeepProfiler_0213,0.04737124219536781
Cells_DeepProfiler_0545,0.04687047004699707
Cells_DeepProfiler_0450,0.04473619535565376
Cells_DeepProfiler_0592,0.04465315118432045
Cells_DeepProfiler_0358,0.04462689906358719
Cells_DeepProfiler_0658,0.04459972679615021
Cells_DeepProfiler_0617,0.043308794498443604
Cells_DeepProfiler_0375,0.041779324412345886
Cells_DeepProfiler_0577,0.039016757160425186
Cells_DeepProfiler_0052,0.038966357707977295
Cells_DeepProfiler_0537,0.03887748718261719
Cells_DeepProfiler_0091,0.03680814057588577
Cells_DeepProfiler_0139,0.03157748654484749
Cells_DeepProfiler_0372,0.031228069216012955
Cells_DeepProfiler_0469,0.030844582244753838
Cells_DeepProfiler_0647,0.028686530888080597
Cells_DeepProfiler_0556,0.02754192426800728
Cells_DeepProfiler_0326,0.026834173128008842
Cells_DeepProfiler_0625,0.025707487016916275
